letter,frequency
а,0.107322
б,0.022716
в,0.005683
г,0.011738
ғ,0.014906
д,0.022839
ҙ,0.020057
е,0.065253
ё,0.000007
ж,0.001581
з,0.003260
и,0.039957
й,0.020571
к,0.028319
ҡ,0.021719
л,0.059375
м,0.030955
н,0.064369
ң,0.010202
о,0.026320
ө,0.016106
п,0.014866
р,0.064890
с,0.027783
ҫ,0.002981
т,0.061816
у,0.027304
ү,0.013258
ф,0.004038
х,0.005658
һ,0.016036
ц,0.002432
ч,0.000644
ш,0.018459
щ,0.000048
ъ,0.000383
ы,0.064204
ь,0.002317
э,0.002812
ә,0.067617
ю,0.001346
я,0.007853